{
	"objName": "Rashid",
	"scripts": [[122, 515, [["changeSizeBy:", -10]]]],
	"sounds": [{
			"soundName": "pop",
			"soundID": 0,
			"md5": "83a9787d4cb6f3b7632b4ddfebf74367.wav",
			"sampleCount": 258,
			"rate": 11025,
			"format": ""
		}],
	"costumes": [{
			"costumeName": "Gumball1",
			"baseLayerID": 0,
			"baseLayerMD5": "64651f8ab39a5ffcf2ecffe3d64b5e2d.svg",
			"bitmapResolution": 1,
			"rotationCenterX": 122,
			"rotationCenterY": 172
		},
		{
			"costumeName": "Gumball2",
			"baseLayerID": 1,
			"baseLayerMD5": "7d18ac937168d6bda83e152f3d8ff573.svg",
			"bitmapResolution": 1,
			"rotationCenterX": 142,
			"rotationCenterY": 172
		},
		{
			"costumeName": "Gumball3",
			"baseLayerID": 2,
			"baseLayerMD5": "c4b1a319c09cb2e7d66c53cfd669c3c5.svg",
			"bitmapResolution": 1,
			"rotationCenterX": 116,
			"rotationCenterY": 167
		},
		{
			"costumeName": "Gumball4",
			"baseLayerID": 3,
			"baseLayerMD5": "883159889672bfe5a580673ef70a5238.svg",
			"bitmapResolution": 1,
			"rotationCenterX": 158,
			"rotationCenterY": 169
		},
		{
			"costumeName": "Gumball5",
			"baseLayerID": 4,
			"baseLayerMD5": "e9743ae968b2af8963e5c55650b842a4.svg",
			"bitmapResolution": 1,
			"rotationCenterX": 128,
			"rotationCenterY": 172
		},
		{
			"costumeName": "Gumball6",
			"baseLayerID": 5,
			"baseLayerMD5": "a293401f2f2110d2f366996c437fa286.svg",
			"bitmapResolution": 1,
			"rotationCenterX": 252,
			"rotationCenterY": 174
		},
		{
			"costumeName": "Gumball7",
			"baseLayerID": 6,
			"baseLayerMD5": "ca12df1e942ac0e932e285cd74499c31.svg",
			"bitmapResolution": 1,
			"rotationCenterX": 151,
			"rotationCenterY": 181
		},
		{
			"costumeName": "Gumball8",
			"baseLayerID": 7,
			"baseLayerMD5": "3316e80a9d958c36099715595adea619.svg",
			"bitmapResolution": 1,
			"rotationCenterX": 127,
			"rotationCenterY": 174
		},
		{
			"costumeName": "Gumball9",
			"baseLayerID": 8,
			"baseLayerMD5": "340cc1b13764e73e84b987946c86975e.svg",
			"bitmapResolution": 1,
			"rotationCenterX": 219,
			"rotationCenterY": 110
		}],
	"currentCostumeIndex": 0,
	"scratchX": 0,
	"scratchY": 0,
	"scale": 0.5000000000000003,
	"direction": 90,
	"rotationStyle": "normal",
	"isDraggable": false,
	"indexInLibrary": 100000,
	"visible": true,
	"spriteInfo": {
	}
}