{
	"objName": "Osama",
	"sounds": [{
			"soundName": "pop",
			"soundID": 0,
			"md5": "83a9787d4cb6f3b7632b4ddfebf74367.wav",
			"sampleCount": 258,
			"rate": 11025,
			"format": ""
		}],
	"costumes": [{
			"costumeName": "Osama1",
			"baseLayerID": 0,
			"baseLayerMD5": "85c72526d9b27c0ab6808d26e45caf40.svg",
			"bitmapResolution": 1,
			"rotationCenterX": 271,
			"rotationCenterY": 238
		},
		{
			"costumeName": "Osama2",
			"baseLayerID": 1,
			"baseLayerMD5": "eb4fff42e19e50cc2dd02216da8a40a4.svg",
			"bitmapResolution": 1,
			"rotationCenterX": 119,
			"rotationCenterY": 188
		},
		{
			"costumeName": "Osama3",
			"baseLayerID": 2,
			"baseLayerMD5": "e8d525b931ffe298d8706c961f6626b9.svg",
			"bitmapResolution": 1,
			"rotationCenterX": 250,
			"rotationCenterY": 244
		},
		{
			"costumeName": "Osama4",
			"baseLayerID": 3,
			"baseLayerMD5": "329b40306ce35aa24693b1d5509b6eaf.svg",
			"bitmapResolution": 1,
			"rotationCenterX": 209,
			"rotationCenterY": 249
		},
		{
			"costumeName": "Osama5",
			"baseLayerID": 4,
			"baseLayerMD5": "e294ab226689cdda77b3c2ccce0fa2a0.svg",
			"bitmapResolution": 1,
			"rotationCenterX": 126,
			"rotationCenterY": 145
		},
		{
			"costumeName": "Osama6",
			"baseLayerID": 5,
			"baseLayerMD5": "145c23ece087506a5878e912588b5c9c.svg",
			"bitmapResolution": 1,
			"rotationCenterX": 148,
			"rotationCenterY": 187
		},
		{
			"costumeName": "Osama7",
			"baseLayerID": 6,
			"baseLayerMD5": "e06e552a7342775c6a5706ff8e6a3560.svg",
			"bitmapResolution": 1,
			"rotationCenterX": 181,
			"rotationCenterY": 186
		},
		{
			"costumeName": "Osama8",
			"baseLayerID": 7,
			"baseLayerMD5": "5be0fc7492d8b5f8f0da5857c4817473.svg",
			"bitmapResolution": 1,
			"rotationCenterX": 241,
			"rotationCenterY": 178
		},
		{
			"costumeName": "Osama9",
			"baseLayerID": 8,
			"baseLayerMD5": "c1c4048de59e0a5d0d87ca0c3399d8ea.svg",
			"bitmapResolution": 1,
			"rotationCenterX": 204,
			"rotationCenterY": 176
		}],
	"currentCostumeIndex": 0,
	"scratchX": 0,
	"scratchY": 0,
	"scale": 1,
	"direction": 90,
	"rotationStyle": "normal",
	"isDraggable": false,
	"indexInLibrary": 100000,
	"visible": true,
	"spriteInfo": {
	}
}